{"(500, 2, 'sym4', 0.05)": {"1": 1.38619539717559, "2": 0.9880812346524293}, "(1300, 2, 'sym4', 0.05)": {"1": 1.3192563314378218, "2": 1.0037975656848552}, "(2200, 3, 'sym4', 0.05)": {"1": 1.3169577677348572, "2": 0.9330220495882473, "3": 1.028482303032312}, "(2300, 2, 'sym4', 0.05)": {"1": 1.461425150055013, "2": 0.9139571422578755}, "(1600, 3, 'sym4', 0.05)": {"1": 1.4009496562164288, "2": 0.8985277771766501, "3": 0.9849626936711722}, "(1500, 2, 'sym4', 0.05)": {"1": 1.3602378986557762, "2": 1.016133353693384}, "(1900, 2, 'sym4', 0.05)": {"1": 1.4669860513642912, "2": 1.0033186933532134}, "(1800, 3, 'sym4', 0.05)": {"1": 1.367819361307925, "2": 0.9859445624209219, "3": 0.9609864381655406}, "(2000, 3, 'sym4', 0.05)": {"1": 1.4594141973718482, "2": 0.9920819020858888, "3": 1.020299093939219}, "(1100, 2, 'sym4', 0.05)": {"1": 1.3226031480457854, "2": 1.0240818032783185}, "(2400, 3, 'sym4', 0.05)": {"1": 1.2539329948477107, "2": 1.0044263642181361, "3": 0.9877735709193408}, "(1700, 2, 'sym4', 0.05)": {"1": 1.4157725094642635, "2": 0.9490563501010917}, "(1000, 3, 'sym4', 0.05)": {"1": 1.403211593840294, "2": 0.9783273738215508, "3": 1.0315589915992702}, "(2100, 2, 'sym4', 0.05)": {"1": 1.4147489716860275, "2": 0.9488739491824867}, "(1200, 3, 'sym4', 0.05)": {"1": 1.2215764109757417, "2": 0.9563680338121123, "3": 1.0053352901175037}, "(1400, 3, 'sym4', 0.05)": {"1": 1.433121853842332, "2": 0.9505742610567546, "3": 0.9836647587855352}}