{"(500, 2, 'sym4', 0.05)": {"1": 1.38619539717559, "2": 0.9880812346524293}}