resid_kurtosis,resid_skewness,ljungbox_p_ac_10,ljungbox_p_ac2_10,ljungbox_p_ac_20,ljungbox_p_ac2_20,arch_lm_p,mean_diff,log_var_ratio,acf1_diff,median_diff,log_mad_ratio,ks_p_raw,ks_p_abs,ewma_vol_log_ratio,S_local_max_over_j,cnt_local_sum_over_j,cnt_common_sum_over_j,log_energy_ratio_l2norm_over_j,p_wavelet_break,confidence,id
,,,,,,1.0,8.534245561473165e-05,-0.10558505358765757,0.0013367682615308407,-4.369534524159254e-05,-0.16269167524159386,0.5098367370847633,0.09498307422122187,-0.09291416769653355,0.0,0,0,0.0,0.0,,0
,,,,,,1.0,7.620498522870347e-06,-0.2586060784541782,-0.08308300299573862,1.382723051615559e-05,-0.2000192322026656,0.2894441276255248,0.015204549530413346,-0.10938845042691686,0.0,0,0,0.0,0.0,,1
,,,,,,1.0,-4.2450393114941954e-05,0.6277314916081266,-0.013798661661513556,-0.00044202068222689195,0.19350588011257283,0.15614382026098758,0.0006411013739933193,0.200456575708781,0.0,0,0,0.0,0.0,,2
,,,,,,1.0,-1.4958204783734644e-05,0.13906169380422348,0.010040275173550606,0.00037255706447510714,0.11650456967053711,0.4259061035000908,0.07997488657105532,0.09015706808950752,0.0,0,0,0.0,0.0,,3
,,,,,,1.0,6.615618059798199e-06,-0.003859658697213569,0.039302302953612395,-0.00015793964794411422,0.025739227462684335,0.9243076051397161,0.9142383211459494,0.013747841126295752,0.0,0,0,0.0,0.0,,4
